split,samples,normal,anomaly,normal_ratio,anomaly_ratio,normal_to_anomaly
KDDTrain+,125973,67343,58630,0.5345828074269883,0.4654171925730117,1.148609926658707
KDDTest+,22544,9711,12833,0.43075762952448543,0.5692423704755145,0.7567209537910076
